"CubeId";"plimoinchq"
"PublishingDate";"2025-04-22 09:00"

"Date";"D0";"D1";"Value"
"2015-Q1";"EW";"TP3";
"2015-Q1";"EW";"TP1";"208.29763907"
"2015-Q1";"EW";"TP2";"178.85574672"
"2015-Q1";"EW";"AP";"180.75212269"
"2015-Q1";"EW";"TP";"192.05099004"
"2015-Q1";"EH";"TP3";
"2015-Q1";"EH";"TP1";"170.02718455"
"2015-Q1";"EH";"TP2";"164.12495149"
"2015-Q1";"EH";"AP";"158.73297329"
"2015-Q1";"EH";"TP";"160.6723421"
"2015-Q1";"MH";"TP1";"130.96596618"
"2015-Q1";"MH";"TP2";"128.02857577"
"2015-Q1";"MH";"TP";"127.49059634"
"2015-Q1";"MW";"AP";"153.85575244"
"2015-Q1";"BF";"AP";"128.43526634"
"2015-Q1";"GF";"AP";"112.40278822"
"2015-Q1";"VF";"AP";"121.03934494"
"2015-Q2";"EW";"TP3";
"2015-Q2";"EW";"TP1";"208.67759233"
"2015-Q2";"EW";"TP2";"179.37493637"
"2015-Q2";"EW";"AP";"181.72435259"
"2015-Q2";"EW";"TP";"190.18530736"
"2015-Q2";"EH";"TP3";
"2015-Q2";"EH";"TP1";"173.90837257"
"2015-Q2";"EH";"TP2";"164.83313931"
"2015-Q2";"EH";"AP";"159.35736414"
"2015-Q2";"EH";"TP";"160.9872911"
"2015-Q2";"MH";"TP1";"131.94798523"
"2015-Q2";"MH";"TP2";"127.80817753"
"2015-Q2";"MH";"TP";"130.46402411"
"2015-Q2";"MW";"AP";"154.11790156"
"2015-Q2";"BF";"AP";"129.29362889"
"2015-Q2";"GF";"AP";"109.93312026"
"2015-Q2";"VF";"AP";"121.48421885"
"2015-Q3";"EW";"TP3";
"2015-Q3";"EW";"TP1";"212.27752264"
"2015-Q3";"EW";"TP2";"178.99826937"
"2015-Q3";"EW";"AP";"181.75481307"
"2015-Q3";"EW";"TP";"190.97431259"
"2015-Q3";"EH";"TP3";
"2015-Q3";"EH";"TP1";"176.47405266"
"2015-Q3";"EH";"TP2";"165.1435778"
"2015-Q3";"EH";"AP";"159.53701728"
"2015-Q3";"EH";"TP";"161.06057195"
"2015-Q3";"MH";"TP1";"131.29600114"
"2015-Q3";"MH";"TP2";"127.75497796"
"2015-Q3";"MH";"TP";"132.32935923"
"2015-Q3";"MW";"AP";"153.20388275"
"2015-Q3";"BF";"AP";"131.55378512"
"2015-Q3";"GF";"AP";"109.72499796"
"2015-Q3";"VF";"AP";"119.02186851"
"2015-Q4";"EW";"TP3";
"2015-Q4";"EW";"TP1";"212.54584987"
"2015-Q4";"EW";"TP2";"180.91214497"
"2015-Q4";"EW";"AP";"182.24905239"
"2015-Q4";"EW";"TP";"191.3554606"
"2015-Q4";"EH";"TP3";
"2015-Q4";"EH";"TP1";"172.4036535"
"2015-Q4";"EH";"TP2";"164.35778036"
"2015-Q4";"EH";"AP";"160.62816582"
"2015-Q4";"EH";"TP";"161.98552109"
"2015-Q4";"MH";"TP1";"129.95153989"
"2015-Q4";"MH";"TP2";"127.70177839"
"2015-Q4";"MH";"TP";"146.0295638"
"2015-Q4";"MW";"AP";"153.38912174"
"2015-Q4";"BF";"AP";"130.7208427"
"2015-Q4";"GF";"AP";"110.25693022"
"2015-Q4";"VF";"AP";"114.98861596"
"2016-Q1";"EW";"TP3";
"2016-Q1";"EW";"TP1";"216.08613948"
"2016-Q1";"EW";"TP2";"182.86674132"
"2016-Q1";"EW";"AP";"182.6104004"
"2016-Q1";"EW";"TP";"193.80035261"
"2016-Q1";"EH";"TP3";
"2016-Q1";"EH";"TP1";"172.05442693"
"2016-Q1";"EH";"TP2";"164.73612728"
"2016-Q1";"EH";"AP";"160.73528158"
"2016-Q1";"EH";"TP";"163.7590767"
"2016-Q1";"MH";"TP1";"138.74114489"
"2016-Q1";"MH";"TP2";"128.15777474"
"2016-Q1";"MH";"TP";"142.72233343"
"2016-Q1";"MW";"AP";"152.63980007"
"2016-Q1";"BF";"AP";"131.21431313"
"2016-Q1";"GF";"AP";"112.17724885"
"2016-Q1";"VF";"AP";"112.69308794"
"2016-Q2";"EW";"TP3";
"2016-Q2";"EW";"TP1";"208.79722963"
"2016-Q2";"EW";"TP2";"184.23088669"
"2016-Q2";"EW";"AP";"182.24154759"
"2016-Q2";"EW";"TP";"189.13721073"
"2016-Q2";"EH";"TP3";
"2016-Q2";"EH";"TP1";"174.50145467"
"2016-Q2";"EH";"TP2";"164.40628638"
"2016-Q2";"EH";"AP";"161.21645146"
"2016-Q2";"EH";"TP";"164.53967684"
"2016-Q2";"MH";"TP1";"139.81993361"
"2016-Q2";"MH";"TP2";"127.67137863"
"2016-Q2";"MH";"TP";"142.95879985"
"2016-Q2";"MW";"AP";"151.57800579"
"2016-Q2";"BF";"AP";"131.39695042"
"2016-Q2";"GF";"AP";"114.78030519"
"2016-Q2";"VF";"AP";"115.71586996"
"2016-Q3";"EW";"TP3";
"2016-Q3";"EW";"TP1";"208.84220448"
"2016-Q3";"EW";"TP2";"187.06097933"
"2016-Q3";"EW";"AP";"184.25859655"
"2016-Q3";"EW";"TP";"187.21577168"
"2016-Q3";"EH";"TP3";
"2016-Q3";"EH";"TP1";"169.23173005"
"2016-Q3";"EH";"TP2";"165.52192472"
"2016-Q3";"EH";"AP";"161.71463193"
"2016-Q3";"EH";"TP";"164.16530419"
"2016-Q3";"MH";"TP1";"138.95718866"
"2016-Q3";"MH";"TP2";"127.67137863"
"2016-Q3";"MH";"TP";"141.65548492"
"2016-Q3";"MW";"AP";"151.24906228"
"2016-Q3";"BF";"AP";"132.10806957"
"2016-Q3";"GF";"AP";"116.2706723"
"2016-Q3";"VF";"AP";"115.28382495"
"2016-Q4";"EW";"TP3";
"2016-Q4";"EW";"TP1";"205.87318233"
"2016-Q4";"EW";"TP2";"188.01791713"
"2016-Q4";"EW";"AP";"184.43136291"
"2016-Q4";"EW";"TP";"185.52097497"
"2016-Q4";"EH";"TP3";
"2016-Q4";"EH";"TP1";"171.93848947"
"2016-Q4";"EH";"TP2";"166.89949554"
"2016-Q4";"EH";"AP";"162.96146143"
"2016-Q4";"EH";"TP";"162.73048123"
"2016-Q4";"MH";"TP1";"139.22680459"
"2016-Q4";"MH";"TP2";"127.92217662"
"2016-Q4";"MH";"TP";"144.22142056"
"2016-Q4";"MW";"AP";"151.38719878"
"2016-Q4";"BF";"AP";"131.63998899"
"2016-Q4";"GF";"AP";"116.60293667"
"2016-Q4";"VF";"AP";"117.06522193"
"2017-Q1";"EW";"TP3";"91.1885"
"2017-Q1";"EW";"TP1";"195.79519347"
"2017-Q1";"EW";"TP2";"189.80963046"
"2017-Q1";"EW";"AP";"184.64663663"
"2017-Q1";"EW";"TP";"185.77814994"
"2017-Q1";"EH";"TP3";"89.7446"
"2017-Q1";"EH";"TP1";"162.26022526"
"2017-Q1";"EH";"TP2";"167.92782305"
"2017-Q1";"EH";"AP";"164.62446737"
"2017-Q1";"EH";"TP";"164.42132229"
"2017-Q1";"MH";"TP1";"138.04245701"
"2017-Q1";"MH";"TP2";"129.99696002"
"2017-Q1";"MH";"TP";"146.33092101"
"2017-Q1";"MW";"AP";"151.53093533"
"2017-Q1";"BF";"AP";"132.42009374"
"2017-Q1";"GF";"AP";"116.2473021"
"2017-Q1";"VF";"AP";"115.58531885"
"2017-Q2";"EW";"TP3";"91.9562"
"2017-Q2";"EW";"TP1";"197.19185988"
"2017-Q2";"EW";"TP2";"190.9192711"
"2017-Q2";"EW";"AP";"184.9037268"
"2017-Q2";"EW";"TP";"187.41804166"
"2017-Q2";"EH";"TP3";"91.4114"
"2017-Q2";"EH";"TP1";"164.83121675"
"2017-Q2";"EH";"TP2";"169.0628638"
"2017-Q2";"EH";"AP";"164.80204775"
"2017-Q2";"EH";"TP";"166.96000855"
"2017-Q2";"MH";"TP1";"136.93799508"
"2017-Q2";"MH";"TP2";"131.32694938"
"2017-Q2";"MH";"TP";"148.44042146"
"2017-Q2";"MW";"AP";"150.7603827"
"2017-Q2";"BF";"AP";"130.86113918"
"2017-Q2";"GF";"AP";"113.48802485"
"2017-Q2";"VF";"AP";"114.95016463"
"2017-Q3";"EW";"TP3";"93.4385"
"2017-Q3";"EW";"TP1";"202.57125759"
"2017-Q3";"EW";"TP2";"190.51206352"
"2017-Q3";"EW";"AP";"182.85403901"
"2017-Q3";"EW";"TP";"189.77271702"
"2017-Q3";"EH";"TP3";"93.4627"
"2017-Q3";"EH";"TP1";"168.35685654"
"2017-Q3";"EH";"TP2";"170.78967792"
"2017-Q3";"EH";"AP";"165.5947609"
"2017-Q3";"EH";"TP";"167.24253786"
"2017-Q3";"MH";"TP1";"147.42840993"
"2017-Q3";"MH";"TP2";"133.40933273"
"2017-Q3";"MH";"TP";"144.99516069"
"2017-Q3";"MW";"AP";"149.6411028"
"2017-Q3";"BF";"AP";"129.23657989"
"2017-Q3";"GF";"AP";"113.92561743"
"2017-Q3";"VF";"AP";"116.7088194"
"2017-Q4";"EW";"TP3";"94.1815"
"2017-Q4";"EW";"TP1";"210.26887583"
"2017-Q4";"EW";"TP2";"191.55044284"
"2017-Q4";"EW";"AP";"182.66983945"
"2017-Q4";"EW";"TP";"191.71112303"
"2017-Q4";"EH";"TP3";"92.3657"
"2017-Q4";"EH";"TP1";"166.95757324"
"2017-Q4";"EH";"TP2";"172.28366317"
"2017-Q4";"EH";"AP";"167.12225374"
"2017-Q4";"EH";"TP";"169.23066946"
"2017-Q4";"MH";"TP1";"149.63019041"
"2017-Q4";"MH";"TP2";"135.64371485"
"2017-Q4";"MH";"TP";"145.97237192"
"2017-Q4";"MW";"AP";"149.09246826"
"2017-Q4";"BF";"AP";"128.77395328"
"2017-Q4";"GF";"AP";"114.84649423"
"2017-Q4";"VF";"AP";"114.61227306"
"2018-Q1";"EW";"TP3";"94.0386"
"2018-Q1";"EW";"TP1";"213.37212841"
"2018-Q1";"EW";"TP2";"192.86368726"
"2018-Q1";"EW";"AP";"181.01244045"
"2018-Q1";"EW";"TP";"192.35019229"
"2018-Q1";"EH";"TP3";"92.3773"
"2018-Q1";"EH";"TP1";"172.41490678"
"2018-Q1";"EH";"TP2";"173.18587505"
"2018-Q1";"EH";"AP";"167.29246093"
"2018-Q1";"EH";"TP";"168.84389725"
"2018-Q1";"MH";"TP1";"153.11936957"
"2018-Q1";"MH";"TP2";"138.06809546"
"2018-Q1";"MH";"TP";"146.57508634"
"2018-Q1";"MW";"AP";"148.56516269"
"2018-Q1";"BF";"AP";"128.01250266"
"2018-Q1";"GF";"AP";"111.70313346"
"2018-Q1";"VF";"AP";"113.93162149"
"2018-Q2";"EW";"TP3";"95.2072"
"2018-Q2";"EW";"TP1";"215.86940938"
"2018-Q2";"EW";"TP2";"192.8331467"
"2018-Q2";"EW";"AP";"180.1823078"
"2018-Q2";"EW";"TP";"193.08756881"
"2018-Q2";"EH";"TP3";"94.1561"
"2018-Q2";"EH";"TP1";"173.01263131"
"2018-Q2";"EH";"TP2";"175.6596818"
"2018-Q2";"EH";"AP";"166.98113799"
"2018-Q2";"EH";"TP";"171.31077242"
"2018-Q2";"MH";"TP1";"152.59533967"
"2018-Q2";"MH";"TP2";"138.94208846"
"2018-Q2";"MH";"TP";"145.80959504"
"2018-Q2";"MW";"AP";"147.40931127"
"2018-Q2";"BF";"AP";"128.22156124"
"2018-Q2";"GF";"AP";"112.47252066"
"2018-Q2";"VF";"AP";"114.61214005"
"2018-Q3";"EW";"TP3";"95.3523"
"2018-Q3";"EW";"TP1";"218.11303535"
"2018-Q3";"EW";"TP2";"190.74620788"
"2018-Q3";"EW";"AP";"180.13655156"
"2018-Q3";"EW";"TP";"194.21739261"
"2018-Q3";"EH";"TP3";"95.1912"
"2018-Q3";"EH";"TP1";"176.32235353"
"2018-Q3";"EH";"TP2";"175.14551804"
"2018-Q3";"EH";"AP";"168.37906229"
"2018-Q3";"EH";"TP";"172.83992997"
"2018-Q3";"MH";"TP1";"149.3971781"
"2018-Q3";"MH";"TP2";"138.53929169"
"2018-Q3";"MH";"TP";"145.54893205"
"2018-Q3";"MW";"AP";"146.50323657"
"2018-Q3";"BF";"AP";"127.41418402"
"2018-Q3";"GF";"AP";"111.19686067"
"2018-Q3";"VF";"AP";"116.85658977"
"2018-Q4";"EW";"TP3";"96.7464"
"2018-Q4";"EW";"TP1";"215.63777513"
"2018-Q4";"EW";"TP2";"192.02891174"
"2018-Q4";"EW";"AP";"179.58266522"
"2018-Q4";"EW";"TP";"195.02283276"
"2018-Q4";"EH";"TP3";"96.594"
"2018-Q4";"EH";"TP1";"179.04536625"
"2018-Q4";"EH";"TP2";"174.46643384"
"2018-Q4";"EH";"AP";"167.01035818"
"2018-Q4";"EH";"TP";"175.0684663"
"2018-Q4";"MH";"TP1";"152.19497252"
"2018-Q4";"MH";"TP2";"138.85848913"
"2018-Q4";"MH";"TP";"142.60849651"
"2018-Q4";"MW";"AP";"145.95938717"
"2018-Q4";"BF";"AP";"126.15682551"
"2018-Q4";"GF";"AP";"115.54734506"
"2018-Q4";"VF";"AP";"116.87726984"
"2019-Q1";"EW";"TP3";"98.1662"
"2019-Q1";"EW";"TP1";"216.21505323"
"2019-Q1";"EW";"TP2";"191.00071261"
"2019-Q1";"EW";"AP";"178.37522719"
"2019-Q1";"EW";"TP";"197.34692892"
"2019-Q1";"EH";"TP3";"97.0706"
"2019-Q1";"EH";"TP1";"179.70830797"
"2019-Q1";"EH";"TP2";"173.49631354"
"2019-Q1";"EH";"AP";"167.20039873"
"2019-Q1";"EH";"TP";"176.16961617"
"2019-Q1";"MH";"TP1";"155.14744037"
"2019-Q1";"MH";"TP2";"140.6748746"
"2019-Q1";"MH";"TP";"142.62499725"
"2019-Q1";"MW";"AP";"145.70419716"
"2019-Q1";"BF";"AP";"127.350971"
"2019-Q1";"GF";"AP";"116.92976479"
"2019-Q1";"VF";"AP";"117.12163174"
"2019-Q2";"EW";"TP3";"98.0654"
"2019-Q2";"EW";"TP1";"222.72044553"
"2019-Q2";"EW";"TP2";"192.14089382"
"2019-Q2";"EW";"AP";"176.81893543"
"2019-Q2";"EW";"TP";"198.41467345"
"2019-Q2";"EH";"TP3";"98.2087"
"2019-Q2";"EH";"TP1";"180.92832853"
"2019-Q2";"EH";"TP2";"174.36942181"
"2019-Q2";"EH";"AP";"167.30780117"
"2019-Q2";"EH";"TP";"178.92647504"
"2019-Q2";"MH";"TP1";"157.35821743"
"2019-Q2";"MH";"TP2";"143.28165375"
"2019-Q2";"MH";"TP";"142.90172851"
"2019-Q2";"MW";"AP";"145.15301087"
"2019-Q2";"BF";"AP";"126.54213656"
"2019-Q2";"GF";"AP";"115.51937787"
"2019-Q2";"VF";"AP";"116.85982435"
"2019-Q3";"EW";"TP3";"97.9807"
"2019-Q3";"EW";"TP1";"223.85218761"
"2019-Q3";"EW";"TP2";"194.1667515"
"2019-Q3";"EW";"AP";"176.52298773"
"2019-Q3";"EW";"TP";"198.49997685"
"2019-Q3";"EH";"TP3";"98.5735"
"2019-Q3";"EH";"TP1";"178.69445088"
"2019-Q3";"EH";"TP2";"175.58207218"
"2019-Q3";"EH";"AP";"169.21824139"
"2019-Q3";"EH";"TP";"178.60417366"
"2019-Q3";"MH";"TP1";"157.54209486"
"2019-Q3";"MH";"TP2";"145.34883721"
"2019-Q3";"MH";"TP";"143.90356569"
"2019-Q3";"MW";"AP";"145.05960027"
"2019-Q3";"BF";"AP";"127.0994766"
"2019-Q3";"GF";"AP";"111.99992479"
"2019-Q3";"VF";"AP";"116.96207525"
"2019-Q4";"EW";"TP3";"100"
"2019-Q4";"EW";"TP1";"221.8708108"
"2019-Q4";"EW";"TP2";"195.55125725"
"2019-Q4";"EW";"AP";"177.35199416"
"2019-Q4";"EW";"TP";"199.00720698"
"2019-Q4";"EH";"TP3";"100"
"2019-Q4";"EH";"TP1";"180.48591449"
"2019-Q4";"EH";"TP2";"177.43500194"
"2019-Q4";"EH";"AP";"169.34341604"
"2019-Q4";"EH";"TP";"179.24994483"
"2019-Q4";"MH";"TP1";"160.39305775"
"2019-Q4";"MH";"TP2";"145.75163399"
"2019-Q4";"MH";"TP";"144.70205231"
"2019-Q4";"MW";"AP";"144.6927139"
"2019-Q4";"BF";"AP";"128.22097958"
"2019-Q4";"GF";"AP";"111.2388526"
"2019-Q4";"VF";"AP";"115.64838543"
"2020-Q1";"EW";"TP3";"99.052"
"2020-Q1";"EW";"TP1";"223.19653446"
"2020-Q1";"EW";"TP2";"197.31243001"
"2020-Q1";"EW";"AP";"176.39550385"
"2020-Q1";"EW";"TP";"200.45787116"
"2020-Q1";"EH";"TP3";"99.4514"
"2020-Q1";"EH";"TP1";"184.61810059"
"2020-Q1";"EH";"TP2";"178.87077998"
"2020-Q1";"EH";"AP";"168.73548794"
"2020-Q1";"EH";"TP";"182.30493456"
"2020-Q1";"MH";"TP1";"161.42453856"
"2020-Q1";"MH";"TP2";"146.86882505"
"2020-Q1";"MH";"TP";"145.87503574"
"2020-Q1";"MW";"AP";"144.15152937"
"2020-Q1";"BF";"AP";"127.91180739"
"2020-Q1";"GF";"AP";"110.43401426"
"2020-Q1";"VF";"AP";"114.62876297"
"2020-Q2";"EW";"TP3";"100.648"
"2020-Q2";"EW";"TP1";"228.74097554"
"2020-Q2";"EW";"TP2";"198.70711595"
"2020-Q2";"EW";"AP";"175.74954314"
"2020-Q2";"EW";"TP";"202.09929057"
"2020-Q2";"EH";"TP3";"100.5419"
"2020-Q2";"EH";"TP1";"188.95087865"
"2020-Q2";"EH";"TP2";"180.15133877"
"2020-Q2";"EH";"AP";"170.63824507"
"2020-Q2";"EH";"TP";"184.85237988"
"2020-Q2";"MH";"TP1";"161.14178584"
"2020-Q2";"MH";"TP2";"146.24563003"
"2020-Q2";"MH";"TP";"148.70108445"
"2020-Q2";"MW";"AP";"143.54459238"
"2020-Q2";"BF";"AP";"128.85027239"
"2020-Q2";"GF";"AP";"109.0594005"
"2020-Q2";"VF";"AP";"116.05273482"
"2020-Q3";"EW";"TP3";"100.0234"
"2020-Q3";"EW";"TP1";"231.71019394"
"2020-Q3";"EW";"TP2";"200.34612644"
"2020-Q3";"EW";"AP";"176.14380645"
"2020-Q3";"EW";"TP";"204.57587438"
"2020-Q3";"EH";"TP3";"101.6683"
"2020-Q3";"EH";"TP1";"191.91172603"
"2020-Q3";"EH";"TP2";"179.87970508"
"2020-Q3";"EH";"AP";"172.82467878"
"2020-Q3";"EH";"TP";"187.70329018"
"2020-Q3";"MH";"TP1";"158.84728388"
"2020-Q3";"MH";"TP2";"144.58124335"
"2020-Q3";"MH";"TP";"149.97044276"
"2020-Q3";"MW";"AP";"142.39519035"
"2020-Q3";"BF";"AP";"128.89826356"
"2020-Q3";"GF";"AP";"112.67172303"
"2020-Q3";"VF";"AP";"116.39454055"
"2020-Q4";"EW";"TP3";"103.1062"
"2020-Q4";"EW";"TP1";"234.92170654"
"2020-Q4";"EW";"TP2";"203.30856154"
"2020-Q4";"EW";"AP";"178.09901913"
"2020-Q4";"EW";"TP";"209.14172144"
"2020-Q4";"EH";"TP3";"103.154"
"2020-Q4";"EH";"TP1";"193.36941649"
"2020-Q4";"EH";"TP2";"181.12145906"
"2020-Q4";"EH";"AP";"176.75381712"
"2020-Q4";"EH";"TP";"188.94571941"
"2020-Q4";"MH";"TP1";"160.44325101"
"2020-Q4";"MH";"TP2";"145.7744338"
"2020-Q4";"MH";"TP";"149.26901249"
"2020-Q4";"MW";"AP";"141.71974789"
"2020-Q4";"BF";"AP";"128.4363442"
"2020-Q4";"GF";"AP";"113.63217597"
"2020-Q4";"VF";"AP";"118.36048951"
"2021-Q1";"EW";"TP3";"102.905"
"2021-Q1";"EW";"TP1";"237.17215361"
"2021-Q1";"EW";"TP2";"205.31405884"
"2021-Q1";"EW";"AP";"178.8222097"
"2021-Q1";"EW";"TP";"212.22307089"
"2021-Q1";"EH";"TP3";"103.2623"
"2021-Q1";"EH";"TP1";"194.9732488"
"2021-Q1";"EH";"TP2";"184.24524641"
"2021-Q1";"EH";"AP";"179.66785959"
"2021-Q1";"EH";"TP";"192.39210497"
"2021-Q1";"MH";"TP1";"160.46238626"
"2021-Q1";"MH";"TP2";"146.78522572"
"2021-Q1";"MH";"TP";"149.37608849"
"2021-Q1";"MW";"AP";"140.62910972"
"2021-Q1";"BF";"AP";"127.83691779"
"2021-Q1";"GF";"AP";"116.41854252"
"2021-Q1";"VF";"AP";"117.6165573"
"2021-Q2";"EW";"TP3";"104.7728"
"2021-Q2";"EW";"TP1";"238.98401014"
"2021-Q2";"EW";"TP2";"207.98126845"
"2021-Q2";"EW";"AP";"179.93663352"
"2021-Q2";"EW";"TP";"215.79848478"
"2021-Q2";"EH";"TP3";"105.9631"
"2021-Q2";"EH";"TP1";"197.30459327"
"2021-Q2";"EH";"TP2";"188.22273962"
"2021-Q2";"EH";"AP";"182.72761926"
"2021-Q2";"EH";"TP";"196.48099614"
"2021-Q2";"MH";"TP1";"161.79795824"
"2021-Q2";"MH";"TP2";"147.83401733"
"2021-Q2";"MH";"TP";"155.62396344"
"2021-Q2";"MW";"AP";"138.92751965"
"2021-Q2";"BF";"AP";"128.78127333"
"2021-Q2";"GF";"AP";"117.63664151"
"2021-Q2";"VF";"AP";"116.75398516"
"2021-Q3";"EW";"TP3";"107.2109"
"2021-Q3";"EW";"TP1";"241.12941205"
"2021-Q3";"EW";"TP2";"210.64847806"
"2021-Q3";"EW";"AP";"180.18987423"
"2021-Q3";"EW";"TP";"219.58823809"
"2021-Q3";"EH";"TP3";"108.4884"
"2021-Q3";"EH";"TP1";"201.68326511"
"2021-Q3";"EH";"TP2";"190.25999224"
"2021-Q3";"EH";"AP";"183.46995748"
"2021-Q3";"EH";"TP";"201.68662397"
"2021-Q3";"MH";"TP1";"165.26134528"
"2021-Q3";"MH";"TP2";"151.08679131"
"2021-Q3";"MH";"TP";"159.74622491"
"2021-Q3";"MW";"AP";"138.54087779"
"2021-Q3";"BF";"AP";"127.34593518"
"2021-Q3";"GF";"AP";"117.47237493"
"2021-Q3";"VF";"AP";"114.8638117"
"2021-Q4";"EW";"TP3";"110.0106"
"2021-Q4";"EW";"TP1";"243.6003027"
"2021-Q4";"EW";"TP2";"213.70253487"
"2021-Q4";"EW";"AP";"180.40128511"
"2021-Q4";"EW";"TP";"223.13906008"
"2021-Q4";"EH";"TP3";"111.4037"
"2021-Q4";"EH";"TP1";"204.57006099"
"2021-Q4";"EH";"TP2";"194.38300349"
"2021-Q4";"EH";"AP";"185.98151014"
"2021-Q4";"EH";"TP";"204.60736302"
"2021-Q4";"MH";"TP1";"170.79566587"
"2021-Q4";"MH";"TP2";"154.30916553"
"2021-Q4";"MH";"TP";"159.59887907"
"2021-Q4";"MW";"AP";"137.98850581"
"2021-Q4";"BF";"AP";"125.13837462"
"2021-Q4";"GF";"AP";"116.86046399"
"2021-Q4";"VF";"AP";"114.95083659"
"2022-Q1";"EW";"TP3";"108.6991"
"2022-Q1";"EW";"TP1";"249.64412599"
"2022-Q1";"EW";"TP2";"215.85055482"
"2022-Q1";"EW";"AP";"181.2955758"
"2022-Q1";"EW";"TP";"228.15011217"
"2022-Q1";"EH";"TP3";"112.0222"
"2022-Q1";"EH";"TP1";"204.1186805"
"2022-Q1";"EH";"TP2";"197.95304618"
"2022-Q1";"EH";"AP";"189.47280427"
"2022-Q1";"EH";"TP";"209.09855696"
"2022-Q1";"MH";"TP1";"173.67624468"
"2022-Q1";"MH";"TP2";"156.04195166"
"2022-Q1";"MH";"TP";"163.32821648"
"2022-Q1";"MW";"AP";"138.41360052"
"2022-Q1";"BF";"AP";"124.74603691"
"2022-Q1";"GF";"AP";"119.05957708"
"2022-Q1";"VF";"AP";"111.3658628"
"2022-Q2";"EW";"TP3";"112.2438"
"2022-Q2";"EW";"TP1";"255.04339702"
"2022-Q2";"EW";"TP2";"217.5913672"
"2022-Q2";"EW";"AP";"183.2776376"
"2022-Q2";"EW";"TP";"231.46543407"
"2022-Q2";"EH";"TP3";"114.3068"
"2022-Q2";"EH";"TP1";"208.93020521"
"2022-Q2";"EH";"TP2";"199.11719053"
"2022-Q2";"EH";"AP";"190.52874541"
"2022-Q2";"EH";"TP";"213.6814176"
"2022-Q2";"MH";"TP1";"170.928552"
"2022-Q2";"MH";"TP2";"157.26554188"
"2022-Q2";"MH";"TP";"161.25585059"
"2022-Q2";"MW";"AP";"139.7503464"
"2022-Q2";"BF";"AP";"125.45577248"
"2022-Q2";"GF";"AP";"120.39352806"
"2022-Q2";"VF";"AP";"106.78336888"
"2022-Q3";"EW";"TP3";"113.5006"
"2022-Q3";"EW";"TP1";"259.1311601"
"2022-Q3";"EW";"TP2";"219.10821541"
"2022-Q3";"EW";"AP";"185.12603797"
"2022-Q3";"EW";"TP";"234.11380652"
"2022-Q3";"EH";"TP3";"115.8834"
"2022-Q3";"EH";"TP1";"211.03908563"
"2022-Q3";"EH";"TP2";"203.05587893"
"2022-Q3";"EH";"AP";"192.57396619"
"2022-Q3";"EH";"TP";"216.23007739"
"2022-Q3";"MH";"TP1";"167.73614122"
"2022-Q3";"MH";"TP2";"160.22951816"
"2022-Q3";"MH";"TP";"165.40440248"
"2022-Q3";"MW";"AP";"140.02648296"
"2022-Q3";"BF";"AP";"124.25457208"
"2022-Q3";"GF";"AP";"120.15633882"
"2022-Q3";"VF";"AP";"114.10775865"
"2022-Q4";"EW";"TP3";"114.0781"
"2022-Q4";"EW";"TP1";"257.33398896"
"2022-Q4";"EW";"TP2";"222.39641657"
"2022-Q4";"EW";"AP";"186.95449042"
"2022-Q4";"EW";"TP";"234.74185677"
"2022-Q4";"EH";"TP3";"118.1487"
"2022-Q4";"EH";"TP1";"213.23815632"
"2022-Q4";"EH";"TP2";"205.86922778"
"2022-Q4";"EH";"AP";"193.28193117"
"2022-Q4";"EH";"TP";"215.83686135"
"2022-Q4";"MH";"TP1";"163.04513973"
"2022-Q4";"MH";"TP2";"162.89709682"
"2022-Q4";"MH";"TP";"166.94494126"
"2022-Q4";"MW";"AP";"140.14162538"
"2022-Q4";"BF";"AP";"124.19102741"
"2022-Q4";"GF";"AP";"121.72006439"
"2022-Q4";"VF";"AP";"112.25001838"
"2023-Q1";"EW";"TP3";"112.8152"
"2023-Q1";"EW";"TP1";"259.94492899"
"2023-Q1";"EW";"TP2";"224.3815535"
"2023-Q1";"EW";"AP";"188.35991908"
"2023-Q1";"EW";"TP";"236.23413555"
"2023-Q1";"EH";"TP3";"116.5883"
"2023-Q1";"EH";"TP1";"212.29447533"
"2023-Q1";"EH";"TP2";"208.02289484"
"2023-Q1";"EH";"AP";"192.87281097"
"2023-Q1";"EH";"TP";"216.59601968"
"2023-Q1";"MH";"TP1";"152.67008709"
"2023-Q1";"MH";"TP2";"163.56589147"
"2023-Q1";"MH";"TP";"161.18313168"
"2023-Q1";"MW";"AP";"140.1814035"
"2023-Q1";"BF";"AP";"123.76477634"
"2023-Q1";"GF";"AP";"120.68106818"
"2023-Q1";"VF";"AP";"113.63446434"
"2023-Q2";"EW";"TP3";"114.6312"
"2023-Q2";"EW";"TP1";"261.91023465"
"2023-Q2";"EW";"TP2";"225.44029319"
"2023-Q2";"EW";"AP";"190.25416406"
"2023-Q2";"EW";"TP";"239.27899958"
"2023-Q2";"EH";"TP3";"117.3862"
"2023-Q2";"EH";"TP1";"216.13185012"
"2023-Q2";"EH";"TP2";"210.37058595"
"2023-Q2";"EH";"AP";"193.45966909"
"2023-Q2";"EH";"TP";"216.2567198"
"2023-Q2";"MH";"TP1";"150.36140991"
"2023-Q2";"MH";"TP2";"166.10427117"
"2023-Q2";"MH";"TP";"159.5339158"
"2023-Q2";"MW";"AP";"141.56819489"
"2023-Q2";"BF";"AP";"124.0804064"
"2023-Q2";"GF";"AP";"122.20251249"
"2023-Q2";"VF";"AP";"113.94011904"
"2023-Q3";"EW";"TP3";"115.0694"
"2023-Q3";"EW";"TP1";"260.54211201"
"2023-Q3";"EW";"TP2";"229.03390003"
"2023-Q3";"EW";"AP";"189.56687467"
"2023-Q3";"EW";"TP";"238.50474014"
"2023-Q3";"EH";"TP3";"117.3105"
"2023-Q3";"EH";"TP1";"222.29344719"
"2023-Q3";"EH";"TP2";"213.50407451"
"2023-Q3";"EH";"AP";"191.80410508"
"2023-Q3";"EH";"TP";"217.65176341"
"2023-Q3";"MH";"TP1";"149.16506062"
"2023-Q3";"MH";"TP2";"167.09226326"
"2023-Q3";"MH";"TP";"164.21380287"
"2023-Q3";"MW";"AP";"145.46381875"
"2023-Q3";"BF";"AP";"120.17346843"
"2023-Q3";"GF";"AP";"116.44726016"
"2023-Q3";"VF";"AP";"109.92837634"
"2023-Q4";"EW";"TP3";"116.9765"
"2023-Q4";"EW";"TP1";"262.23784593"
"2023-Q4";"EW";"TP2";"231.72147002"
"2023-Q4";"EW";"AP";"191.87790899"
"2023-Q4";"EW";"TP";"241.85300301"
"2023-Q4";"EH";"TP3";"117.9554"
"2023-Q4";"EH";"TP1";"220.92898767"
"2023-Q4";"EH";"TP2";"215.93907645"
"2023-Q4";"EH";"AP";"193.45426392"
"2023-Q4";"EH";"TP";"219.19560366"
"2023-Q4";"MH";"TP1";"151.62073767"
"2023-Q4";"MH";"TP2";"168.94664843"
"2023-Q4";"MH";"TP";"165.17922195"
"2023-Q4";"MW";"AP";"146.77757711"
"2023-Q4";"BF";"AP";"119.76750933"
"2023-Q4";"GF";"AP";"116.35414374"
"2023-Q4";"VF";"AP";"111.91546358"
"2024-Q1";"EW";"TP3";"115.4836"
"2024-Q1";"EW";"TP1";"263.61206596"
"2024-Q1";"EW";"TP2";"232.70894839"
"2024-Q1";"EW";"AP";"192.59890013"
"2024-Q1";"EW";"TP";"244.67408627"
"2024-Q1";"EH";"TP3";"117.1634"
"2024-Q1";"EH";"TP1";"222.52329114"
"2024-Q1";"EH";"TP2";"217.53007373"
"2024-Q1";"EH";"AP";"193.27053804"
"2024-Q1";"EH";"TP";"220.08827671"
"2024-Q1";"MH";"TP1";"154.31593168"
"2024-Q1";"MH";"TP2";"168.80984952"
"2024-Q1";"MH";"TP";"164.37662271"
"2024-Q1";"MW";"AP";"148.96237217"
"2024-Q1";"BF";"AP";"119.89634987"
"2024-Q1";"GF";"AP";"121.14026937"
"2024-Q1";"VF";"AP";"112.66672732"
"2024-Q2";"EW";"TP3";"116.5336"
"2024-Q2";"EW";"TP1";"263.66763951"
"2024-Q2";"EW";"TP2";"235.21327497"
"2024-Q2";"EW";"AP";"191.15534663"
"2024-Q2";"EW";"TP";"247.73251712"
"2024-Q2";"EH";"TP3";"118.6097"
"2024-Q2";"EH";"TP1";"224.26589797"
"2024-Q2";"EH";"TP2";"220.12029492"
"2024-Q2";"EH";"AP";"194.34915784"
"2024-Q2";"EH";"TP";"221.69780467"
"2024-Q2";"MH";"TP1";"156.34548099"
"2024-Q2";"MH";"TP2";"169.10624715"
"2024-Q2";"MH";"TP";"161.94195406"
"2024-Q2";"MW";"AP";"150.67093099"
"2024-Q2";"BF";"AP";"121.61662804"
"2024-Q2";"GF";"AP";"120.67911232"
"2024-Q2";"VF";"AP";"112.33704519"
"2024-Q3";"EW";"TP3";"117.3691"
"2024-Q3";"EW";"TP1";"265.30042985"
"2024-Q3";"EW";"TP2";"237.62597984"
"2024-Q3";"EW";"AP";"189.66477043"
"2024-Q3";"EW";"TP";"249.93642919"
"2024-Q3";"EH";"TP3";"119.017"
"2024-Q3";"EH";"TP1";"226.08464017"
"2024-Q3";"EH";"TP2";"221.66278619"
"2024-Q3";"EH";"AP";"195.53256712"
"2024-Q3";"EH";"TP";"225.29542324"
"2024-Q3";"MH";"TP1";"160.58034635"
"2024-Q3";"MH";"TP2";"171.35582915"
"2024-Q3";"MH";"TP";"162.06872837"
"2024-Q3";"MW";"AP";"150.95904131"
"2024-Q3";"BF";"AP";"120.80072489"
"2024-Q3";"GF";"AP";"121.22551533"
"2024-Q3";"VF";"AP";"111.95494842"
"2024-Q4";"EW";"TP3";"120.7687"
"2024-Q4";"EW";"TP1";"268.78524705"
"2024-Q4";"EW";"TP2";"238.84760257"
"2024-Q4";"EW";"AP";"190.01686987"
"2024-Q4";"EW";"TP";"252.12177531"
"2024-Q4";"EH";"TP3";"119.6414"
"2024-Q4";"EH";"TP1";"227.71233454"
"2024-Q4";"EH";"TP2";"221.26503686"
"2024-Q4";"EH";"AP";"195.13004779"
"2024-Q4";"EH";"TP";"226.72884692"
"2024-Q4";"MH";"TP1";"164.70785797"
"2024-Q4";"MH";"TP2";"170.83903329"
"2024-Q4";"MH";"TP";"163.99861187"
"2024-Q4";"MW";"AP";"150.08833698"
"2024-Q4";"BF";"AP";"122.65226691"
"2024-Q4";"GF";"AP";"121.27627465"
"2024-Q4";"VF";"AP";"112.83301808"
"2025-Q1";"EW";"TP3";
"2025-Q1";"EW";"TP1";"275.51239427"
"2025-Q1";"EW";"TP2";"240.2524687"
"2025-Q1";"EW";"AP";"193.80286955"
"2025-Q1";"EW";"TP";"255.47838546"
"2025-Q1";"EH";"TP3";
"2025-Q1";"EH";"TP1";"231.22078017"
"2025-Q1";"EH";"TP2";"222.43888242"
"2025-Q1";"EH";"AP";"198.16559432"
"2025-Q1";"EH";"TP";"230.4006429"
"2025-Q1";"MH";"TP1";
"2025-Q1";"MH";"TP2";"170.5122359"
"2025-Q1";"MH";"TP";
"2025-Q1";"MW";"AP";"152.31852927"
"2025-Q1";"BF";"AP";"124.00326497"
"2025-Q1";"GF";"AP";"121.69614535"
"2025-Q1";"VF";"AP";"116.1316362"
